pvs_id,mode,context,O46
TR04_SRC001_HRC01,0,mobile,4.9522177313124995
TR04_SRC001_HRC01,1,mobile,4.906801342313591
TR04_SRC001_HRC01,2,mobile,4.976099908325
TR04_SRC001_HRC01,3,mobile,4.9745111899375
TR04_SRC001_HRC01,0,pc,4.9522177313124995
TR04_SRC001_HRC01,1,pc,4.906801342313591
TR04_SRC001_HRC01,2,pc,4.976099908325
TR04_SRC001_HRC01,3,pc,4.9745111899375
TR04_SRC003_HRC02,0,mobile,1.3742012829077979
TR04_SRC003_HRC02,1,mobile,1.3214536301468465
TR04_SRC003_HRC02,2,mobile,1.3406096160814882
TR04_SRC003_HRC02,3,mobile,1.3209176618709437
TR04_SRC003_HRC02,0,pc,1.3742012829077979
TR04_SRC003_HRC02,1,pc,1.3214536301468465
TR04_SRC003_HRC02,2,pc,1.3406096160814882
TR04_SRC003_HRC02,3,pc,1.3209176618709437
TR04_SRC004_HRC02,0,mobile,1.3794199310962059
TR04_SRC004_HRC02,1,mobile,1.3130815171926107
TR04_SRC004_HRC02,2,mobile,1.3153855887267454
TR04_SRC004_HRC02,3,mobile,1.3321731269618744
TR04_SRC004_HRC02,0,pc,1.3794199310962059
TR04_SRC004_HRC02,1,pc,1.3130815171926107
TR04_SRC004_HRC02,2,pc,1.3153855887267454
TR04_SRC004_HRC02,3,pc,1.3321731269618744
TR04_SRC002_HRC01,0,mobile,4.9522177313124995
TR04_SRC002_HRC01,1,mobile,4.664921176401361
TR04_SRC002_HRC01,2,mobile,4.8927134898375
TR04_SRC002_HRC01,3,mobile,4.88867685815
TR04_SRC002_HRC01,0,pc,4.9522177313124995
TR04_SRC002_HRC01,1,pc,4.664921176401361
TR04_SRC002_HRC01,2,pc,4.8927134898375
TR04_SRC002_HRC01,3,pc,4.88867685815
TR04_SRC103_HRC80,0,mobile,3.6316089327877226
TR04_SRC103_HRC80,1,mobile,2.880234178803091
TR04_SRC103_HRC80,2,mobile,2.9179251142726197
TR04_SRC103_HRC80,3,mobile,3.394563664031814
TR04_SRC103_HRC80,0,pc,3.6316089327877226
TR04_SRC103_HRC80,1,pc,2.880234178803091
TR04_SRC103_HRC80,2,pc,2.9179251142726197
TR04_SRC103_HRC80,3,pc,3.394563664031814
TR04_SRC104_HRC88,0,mobile,3.9118754725213494
TR04_SRC104_HRC88,1,mobile,3.701573353988623
TR04_SRC104_HRC88,2,mobile,3.9075309346838494
TR04_SRC104_HRC88,3,mobile,3.9075309346838494
TR04_SRC104_HRC88,0,pc,3.9118754725213494
TR04_SRC104_HRC88,1,pc,3.701573353988623
TR04_SRC104_HRC88,2,pc,3.9075309346838494
TR04_SRC104_HRC88,3,pc,3.9075309346838494
TR04_SRC112_HRC83,0,mobile,3.933007773284847
TR04_SRC112_HRC83,1,mobile,3.7606394682549062
TR04_SRC112_HRC83,2,mobile,3.7750903232844655
TR04_SRC112_HRC83,3,mobile,3.342753871016438
TR04_SRC112_HRC83,0,pc,3.933007773284847
TR04_SRC112_HRC83,1,pc,3.7606394682549062
TR04_SRC112_HRC83,2,pc,3.7750903232844655
TR04_SRC112_HRC83,3,pc,3.342753871016438
TR04_SRC108_HRC92,0,mobile,3.106616820822634
TR04_SRC108_HRC92,1,mobile,3.0948444291816375
TR04_SRC108_HRC92,2,mobile,3.1211536251462553
TR04_SRC108_HRC92,3,mobile,3.1261259634261562
TR04_SRC108_HRC92,0,pc,3.106616820822634
TR04_SRC108_HRC92,1,pc,3.0948444291816375
TR04_SRC108_HRC92,2,pc,3.1211536251462553
TR04_SRC108_HRC92,3,pc,3.1261259634261562
TR04_SRC120_HRC95,0,mobile,3.1372702432534494
TR04_SRC120_HRC95,1,mobile,3.0720297823882743
TR04_SRC120_HRC95,2,mobile,3.2012039235990324
TR04_SRC120_HRC95,3,mobile,3.2218912385175513
TR04_SRC120_HRC95,0,pc,3.1372702432534494
TR04_SRC120_HRC95,1,pc,3.0720297823882743
TR04_SRC120_HRC95,2,pc,3.2012039235990324
TR04_SRC120_HRC95,3,pc,3.2218912385175513
TR04_SRC109_HRC01,0,mobile,4.9522177313124995
TR04_SRC109_HRC01,1,mobile,4.626215176985142
TR04_SRC109_HRC01,2,mobile,4.939739921275001
TR04_SRC109_HRC01,3,mobile,4.9393601621
TR04_SRC109_HRC01,0,pc,4.9522177313124995
TR04_SRC109_HRC01,1,pc,4.626215176985142
TR04_SRC109_HRC01,2,pc,4.939739921275001
TR04_SRC109_HRC01,3,pc,4.9393601621
TR04_SRC118_HRC80,0,mobile,3.6276158075174587
TR04_SRC118_HRC80,1,mobile,3.365194404750834
TR04_SRC118_HRC80,2,mobile,3.2150747628119385
TR04_SRC118_HRC80,3,mobile,2.5541773466047633
TR04_SRC118_HRC80,0,pc,3.6276158075174587
TR04_SRC118_HRC80,1,pc,3.365194404750834
TR04_SRC118_HRC80,2,pc,3.2150747628119385
TR04_SRC118_HRC80,3,pc,2.5541773466047633
TR04_SRC200_HRC03,0,mobile,1.7917038827846636
TR04_SRC200_HRC03,1,mobile,1.6050211563525192
TR04_SRC200_HRC03,2,mobile,1.6739734902860954
TR04_SRC200_HRC03,3,mobile,1.5839769956572503
TR04_SRC200_HRC03,0,pc,1.7917038827846636
TR04_SRC200_HRC03,1,pc,1.6050211563525192
TR04_SRC200_HRC03,2,pc,1.6739734902860954
TR04_SRC200_HRC03,3,pc,1.5839769956572503
TR04_SRC129_HRC87,0,mobile,4.126766684027221
TR04_SRC129_HRC87,1,mobile,3.686650140444234
TR04_SRC129_HRC87,2,mobile,3.887841044733187
TR04_SRC129_HRC87,3,mobile,3.8984006758388356
TR04_SRC129_HRC87,0,pc,4.126766684027221
TR04_SRC129_HRC87,1,pc,3.686650140444234
TR04_SRC129_HRC87,2,pc,3.887841044733187
TR04_SRC129_HRC87,3,pc,3.8984006758388356
TR04_SRC201_HRC81,0,mobile,3.4755424375128237
TR04_SRC201_HRC81,1,mobile,2.772891785457058
TR04_SRC201_HRC81,2,mobile,3.308394804463263
TR04_SRC201_HRC81,3,mobile,2.8127914845473603
TR04_SRC201_HRC81,0,pc,3.4755424375128237
TR04_SRC201_HRC81,1,pc,2.772891785457058
TR04_SRC201_HRC81,2,pc,3.308394804463263
TR04_SRC201_HRC81,3,pc,2.8127914845473603
TR04_SRC203_HRC03,0,mobile,1.7622353420014527
TR04_SRC203_HRC03,1,mobile,1.5680961450932625
TR04_SRC203_HRC03,2,mobile,1.5267171583970143
TR04_SRC203_HRC03,3,mobile,1.4831812805123006
TR04_SRC203_HRC03,0,pc,1.7622353420014527
TR04_SRC203_HRC03,1,pc,1.5680961450932625
TR04_SRC203_HRC03,2,pc,1.5267171583970143
TR04_SRC203_HRC03,3,pc,1.4831812805123006
TR04_SRC204_HRC96,0,mobile,2.636294626103597
TR04_SRC204_HRC96,1,mobile,2.31348876872633
TR04_SRC204_HRC96,2,mobile,2.0627369758120118
TR04_SRC204_HRC96,3,mobile,1.9126918375823367
TR04_SRC204_HRC96,0,pc,2.636294626103597
TR04_SRC204_HRC96,1,pc,2.31348876872633
TR04_SRC204_HRC96,2,pc,2.0627369758120118
TR04_SRC204_HRC96,3,pc,1.9126918375823367
TR04_SRC205_HRC95,0,mobile,3.140252083559042
TR04_SRC205_HRC95,1,mobile,2.6393028627311788
TR04_SRC205_HRC95,2,mobile,2.71136974741618
TR04_SRC205_HRC95,3,mobile,2.6200036576522856
TR04_SRC205_HRC95,0,pc,3.140252083559042
TR04_SRC205_HRC95,1,pc,2.6393028627311788
TR04_SRC205_HRC95,2,pc,2.71136974741618
TR04_SRC205_HRC95,3,pc,2.6200036576522856
TR04_SRC206_HRC96,0,mobile,2.637209975803522
TR04_SRC206_HRC96,1,mobile,2.265779265698227
TR04_SRC206_HRC96,2,mobile,2.4218986316045217
TR04_SRC206_HRC96,3,mobile,2.268017038878609
TR04_SRC206_HRC96,0,pc,2.637209975803522
TR04_SRC206_HRC96,1,pc,2.265779265698227
TR04_SRC206_HRC96,2,pc,2.4218986316045217
TR04_SRC206_HRC96,3,pc,2.268017038878609
TR04_SRC208_HRC96,0,mobile,2.6309745807304172
TR04_SRC208_HRC96,1,mobile,2.6753706827806947
TR04_SRC208_HRC96,2,mobile,2.6687699193949492
TR04_SRC208_HRC96,3,mobile,2.4025540698634162
TR04_SRC208_HRC96,0,pc,2.6309745807304172
TR04_SRC208_HRC96,1,pc,2.6753706827806947
TR04_SRC208_HRC96,2,pc,2.6687699193949492
TR04_SRC208_HRC96,3,pc,2.4025540698634162
TR04_SRC209_HRC87,0,mobile,4.116648045068383
TR04_SRC209_HRC87,1,mobile,4.152593112841582
TR04_SRC209_HRC87,2,mobile,4.068727785839092
TR04_SRC209_HRC87,3,mobile,3.7697260430314197
TR04_SRC209_HRC87,0,pc,4.116648045068383
TR04_SRC209_HRC87,1,pc,4.152593112841582
TR04_SRC209_HRC87,2,pc,4.068727785839092
TR04_SRC209_HRC87,3,pc,3.7697260430314197
TR04_SRC211_HRC91,0,mobile,3.1599456416261757
TR04_SRC211_HRC91,1,mobile,3.1467589801569362
TR04_SRC211_HRC91,2,mobile,3.1069347528771925
TR04_SRC211_HRC91,3,mobile,3.0800015442252566
TR04_SRC211_HRC91,0,pc,3.1599456416261757
TR04_SRC211_HRC91,1,pc,3.1467589801569362
TR04_SRC211_HRC91,2,pc,3.1069347528771925
TR04_SRC211_HRC91,3,pc,3.0800015442252566
TR04_SRC213_HRC86,0,mobile,4.136501109575521
TR04_SRC213_HRC86,1,mobile,3.5676544407912054
TR04_SRC213_HRC86,2,mobile,3.6722080821311036
TR04_SRC213_HRC86,3,mobile,3.6334993702210316
TR04_SRC213_HRC86,0,pc,4.136501109575521
TR04_SRC213_HRC86,1,pc,3.5676544407912054
TR04_SRC213_HRC86,2,pc,3.6722080821311036
TR04_SRC213_HRC86,3,pc,3.6334993702210316
TR04_SRC212_HRC95,0,mobile,3.1224574500567135
TR04_SRC212_HRC95,1,mobile,3.1801236111554614
TR04_SRC212_HRC95,2,mobile,3.1802638220989303
TR04_SRC212_HRC95,3,mobile,2.833934960595747
TR04_SRC212_HRC95,0,pc,3.1224574500567135
TR04_SRC212_HRC95,1,pc,3.1801236111554614
TR04_SRC212_HRC95,2,pc,3.1802638220989303
TR04_SRC212_HRC95,3,pc,2.833934960595747
TR04_SRC214_HRC94,0,mobile,2.642175930087017
TR04_SRC214_HRC94,1,mobile,2.321822933685856
TR04_SRC214_HRC94,2,mobile,2.1996884408022654
TR04_SRC214_HRC94,3,mobile,2.0870788626346597
TR04_SRC214_HRC94,0,pc,2.642175930087017
TR04_SRC214_HRC94,1,pc,2.321822933685856
TR04_SRC214_HRC94,2,pc,2.1996884408022654
TR04_SRC214_HRC94,3,pc,2.0870788626346597
TR04_SRC216_HRC81,0,mobile,3.4126199409526405
TR04_SRC216_HRC81,1,mobile,2.706789058818719
TR04_SRC216_HRC81,2,mobile,2.637880084147251
TR04_SRC216_HRC81,3,mobile,2.452126921994399
TR04_SRC216_HRC81,0,pc,3.4126199409526405
TR04_SRC216_HRC81,1,pc,2.706789058818719
TR04_SRC216_HRC81,2,pc,2.637880084147251
TR04_SRC216_HRC81,3,pc,2.452126921994399
TR04_SRC217_HRC81,0,mobile,3.435796858292333
TR04_SRC217_HRC81,1,mobile,3.5426347850523396
TR04_SRC217_HRC81,2,mobile,3.420858761611337
TR04_SRC217_HRC81,3,mobile,3.130535240789739
TR04_SRC217_HRC81,0,pc,3.435796858292333
TR04_SRC217_HRC81,1,pc,3.5426347850523396
TR04_SRC217_HRC81,2,pc,3.420858761611337
TR04_SRC217_HRC81,3,pc,3.130535240789739
TR04_SRC215_HRC92,0,mobile,3.106616820822634
TR04_SRC215_HRC92,1,mobile,2.923283066873557
TR04_SRC215_HRC92,2,mobile,3.089748564664208
TR04_SRC215_HRC92,3,mobile,3.0465541091557777
TR04_SRC215_HRC92,0,pc,3.106616820822634
TR04_SRC215_HRC92,1,pc,2.923283066873557
TR04_SRC215_HRC92,2,pc,3.089748564664208
TR04_SRC215_HRC92,3,pc,3.0465541091557777
TR04_SRC218_HRC02,0,mobile,1.36938477566182
TR04_SRC218_HRC02,1,mobile,1.2998618206094426
TR04_SRC218_HRC02,2,mobile,1.3000657693569635
TR04_SRC218_HRC02,3,mobile,1.2957754736783547
TR04_SRC218_HRC02,0,pc,1.36938477566182
TR04_SRC218_HRC02,1,pc,1.2998618206094426
TR04_SRC218_HRC02,2,pc,1.3000657693569635
TR04_SRC218_HRC02,3,pc,1.2957754736783547
TR04_SRC219_HRC86,0,mobile,4.092983073372087
TR04_SRC219_HRC86,1,mobile,3.6150590816779813
TR04_SRC219_HRC86,2,mobile,3.4697582131243925
TR04_SRC219_HRC86,3,mobile,3.2433065205577027
TR04_SRC219_HRC86,0,pc,4.092983073372087
TR04_SRC219_HRC86,1,pc,3.6150590816779813
TR04_SRC219_HRC86,2,pc,3.4697582131243925
TR04_SRC219_HRC86,3,pc,3.2433065205577027
TR04_SRC220_HRC94,0,mobile,2.649951044464867
TR04_SRC220_HRC94,1,mobile,2.2861988303709295
TR04_SRC220_HRC94,2,mobile,2.2982225536748535
TR04_SRC220_HRC94,3,mobile,2.2561326332371534
TR04_SRC220_HRC94,0,pc,2.649951044464867
TR04_SRC220_HRC94,1,pc,2.2861988303709295
TR04_SRC220_HRC94,2,pc,2.2982225536748535
TR04_SRC220_HRC94,3,pc,2.2561326332371534
TR04_SRC221_HRC85,0,mobile,3.9430978635474205
TR04_SRC221_HRC85,1,mobile,3.2890943707503255
TR04_SRC221_HRC85,2,mobile,3.3296825121791347
TR04_SRC221_HRC85,3,mobile,3.1810975293755206
TR04_SRC221_HRC85,0,pc,3.9430978635474205
TR04_SRC221_HRC85,1,pc,3.2890943707503255
TR04_SRC221_HRC85,2,pc,3.3296825121791347
TR04_SRC221_HRC85,3,pc,3.1810975293755206
TR04_SRC222_HRC84,0,mobile,2.2483349332236147
TR04_SRC222_HRC84,1,mobile,2.0443129759955725
TR04_SRC222_HRC84,2,mobile,2.0753867050915713
TR04_SRC222_HRC84,3,mobile,2.0139220864814398
TR04_SRC222_HRC84,0,pc,2.2483349332236147
TR04_SRC222_HRC84,1,pc,2.0443129759955725
TR04_SRC222_HRC84,2,pc,2.0753867050915713
TR04_SRC222_HRC84,3,pc,2.0139220864814398
TR04_SRC223_HRC84,0,mobile,2.2699103687961655
TR04_SRC223_HRC84,1,mobile,2.244649206322353
TR04_SRC223_HRC84,2,mobile,2.1822076748772488
TR04_SRC223_HRC84,3,mobile,2.0230880018555775
TR04_SRC223_HRC84,0,pc,2.2699103687961655
TR04_SRC223_HRC84,1,pc,2.244649206322353
TR04_SRC223_HRC84,2,pc,2.1822076748772488
TR04_SRC223_HRC84,3,pc,2.0230880018555775
TR04_SRC224_HRC93,0,mobile,3.1906121784531214
TR04_SRC224_HRC93,1,mobile,3.0124232593766243
TR04_SRC224_HRC93,2,mobile,2.68554995755694
TR04_SRC224_HRC93,3,mobile,2.6233884768912965
TR04_SRC224_HRC93,0,pc,3.1906121784531214
TR04_SRC224_HRC93,1,pc,3.0124232593766243
TR04_SRC224_HRC93,2,pc,2.68554995755694
TR04_SRC224_HRC93,3,pc,2.6233884768912965
TR04_SRC225_HRC85,0,mobile,3.910045307515215
TR04_SRC225_HRC85,1,mobile,3.8472537214118283
TR04_SRC225_HRC85,2,mobile,3.6116966722975383
TR04_SRC225_HRC85,3,mobile,3.3071060853529803
TR04_SRC225_HRC85,0,pc,3.910045307515215
TR04_SRC225_HRC85,1,pc,3.8472537214118283
TR04_SRC225_HRC85,2,pc,3.6116966722975383
TR04_SRC225_HRC85,3,pc,3.3071060853529803
TR04_SRC227_HRC82,0,mobile,1.789799962590999
TR04_SRC227_HRC82,1,mobile,1.7696268780664828
TR04_SRC227_HRC82,2,mobile,2.1282112730959093
TR04_SRC227_HRC82,3,mobile,1.836671950884413
TR04_SRC227_HRC82,0,pc,1.789799962590999
TR04_SRC227_HRC82,1,pc,1.7696268780664828
TR04_SRC227_HRC82,2,pc,2.1282112730959093
TR04_SRC227_HRC82,3,pc,1.836671950884413
TR04_SRC228_HRC82,0,mobile,1.8173655448753607
TR04_SRC228_HRC82,1,mobile,1.6842625944048315
TR04_SRC228_HRC82,2,mobile,2.015331675283255
TR04_SRC228_HRC82,3,mobile,1.6131260420488034
TR04_SRC228_HRC82,0,pc,1.8173655448753607
TR04_SRC228_HRC82,1,pc,1.6842625944048315
TR04_SRC228_HRC82,2,pc,2.015331675283255
TR04_SRC228_HRC82,3,pc,1.6131260420488034
TR04_SRC226_HRC80,0,mobile,3.6271498965372775
TR04_SRC226_HRC80,1,mobile,3.7157825290214284
TR04_SRC226_HRC80,2,mobile,3.429893943988405
TR04_SRC226_HRC80,3,mobile,2.0522579621550765
TR04_SRC226_HRC80,0,pc,3.6271498965372775
TR04_SRC226_HRC80,1,pc,3.7157825290214284
TR04_SRC226_HRC80,2,pc,3.429893943988405
TR04_SRC226_HRC80,3,pc,2.0522579621550765
TR04_SRC230_HRC03,0,mobile,1.758186674068615
TR04_SRC230_HRC03,1,mobile,1.6366360428982905
TR04_SRC230_HRC03,2,mobile,1.565047736980336
TR04_SRC230_HRC03,3,mobile,1.5119507798857177
TR04_SRC230_HRC03,0,pc,1.758186674068615
TR04_SRC230_HRC03,1,pc,1.6366360428982905
TR04_SRC230_HRC03,2,pc,1.565047736980336
TR04_SRC230_HRC03,3,pc,1.5119507798857177
TR04_SRC229_HRC90,0,mobile,3.8627377055757295
TR04_SRC229_HRC90,1,mobile,3.6661622280257355
TR04_SRC229_HRC90,2,mobile,3.7465334278658093
TR04_SRC229_HRC90,3,mobile,3.677063082272661
TR04_SRC229_HRC90,0,pc,3.8627377055757295
TR04_SRC229_HRC90,1,pc,3.6661622280257355
TR04_SRC229_HRC90,2,pc,3.7465334278658093
TR04_SRC229_HRC90,3,pc,3.677063082272661
TR04_SRC231_HRC91,0,mobile,3.1599456416261757
TR04_SRC231_HRC91,1,mobile,2.948325952987884
TR04_SRC231_HRC91,2,mobile,2.9872026985647486
TR04_SRC231_HRC91,3,mobile,2.913176853392892
TR04_SRC231_HRC91,0,pc,3.1599456416261757
TR04_SRC231_HRC91,1,pc,2.948325952987884
TR04_SRC231_HRC91,2,pc,2.9872026985647486
TR04_SRC231_HRC91,3,pc,2.913176853392892
TR04_SRC232_HRC89,0,mobile,3.199383839560877
TR04_SRC232_HRC89,1,mobile,2.985104485311706
TR04_SRC232_HRC89,2,mobile,2.9775944536781265
TR04_SRC232_HRC89,3,mobile,2.9550749397898968
TR04_SRC232_HRC89,0,pc,3.199383839560877
TR04_SRC232_HRC89,1,pc,2.985104485311706
TR04_SRC232_HRC89,2,pc,2.9775944536781265
TR04_SRC232_HRC89,3,pc,2.9550749397898968
TR04_SRC305_HRC90,0,mobile,3.8717356049016045
TR04_SRC305_HRC90,1,mobile,3.770006264147759
TR04_SRC305_HRC90,2,mobile,3.8717356049016045
TR04_SRC305_HRC90,3,mobile,3.8717356049016045
TR04_SRC305_HRC90,0,pc,3.8717356049016045
TR04_SRC305_HRC90,1,pc,3.770006264147759
TR04_SRC305_HRC90,2,pc,3.8717356049016045
TR04_SRC305_HRC90,3,pc,3.8717356049016045
TR04_SRC308_HRC89,0,mobile,3.221388582549711
TR04_SRC308_HRC89,1,mobile,2.9989739334509853
TR04_SRC308_HRC89,2,mobile,3.195874237952745
TR04_SRC308_HRC89,3,mobile,3.212174884932106
TR04_SRC308_HRC89,0,pc,3.221388582549711
TR04_SRC308_HRC89,1,pc,2.9989739334509853
TR04_SRC308_HRC89,2,pc,3.195874237952745
TR04_SRC308_HRC89,3,pc,3.212174884932106
TR04_SRC315_HRC84,0,mobile,2.2524645433072275
TR04_SRC315_HRC84,1,mobile,2.264996945756134
TR04_SRC315_HRC84,2,mobile,2.255447816704327
TR04_SRC315_HRC84,3,mobile,2.1381983975606422
TR04_SRC315_HRC84,0,pc,2.2524645433072275
TR04_SRC315_HRC84,1,pc,2.264996945756134
TR04_SRC315_HRC84,2,pc,2.255447816704327
TR04_SRC315_HRC84,3,pc,2.1381983975606422
TR04_SRC318_HRC86,0,mobile,4.06575597184745
TR04_SRC318_HRC86,1,mobile,4.119204073792591
TR04_SRC318_HRC86,2,mobile,4.2227180753514375
TR04_SRC318_HRC86,3,mobile,4.159492708083203
TR04_SRC318_HRC86,0,pc,4.06575597184745
TR04_SRC318_HRC86,1,pc,4.119204073792591
TR04_SRC318_HRC86,2,pc,4.2227180753514375
TR04_SRC318_HRC86,3,pc,4.159492708083203
TR04_SRC317_HRC88,0,mobile,3.9158544899507643
TR04_SRC317_HRC88,1,mobile,3.628590219858146
TR04_SRC317_HRC88,2,mobile,3.9158544899507643
TR04_SRC317_HRC88,3,mobile,3.607087111243268
TR04_SRC317_HRC88,0,pc,3.9158544899507643
TR04_SRC317_HRC88,1,pc,3.628590219858146
TR04_SRC317_HRC88,2,pc,3.9158544899507643
TR04_SRC317_HRC88,3,pc,3.607087111243268
TR04_SRC321_HRC83,0,mobile,4.154641856207046
TR04_SRC321_HRC83,1,mobile,3.695093762847465
TR04_SRC321_HRC83,2,mobile,4.005859516452213
TR04_SRC321_HRC83,3,mobile,3.945402136726712
TR04_SRC321_HRC83,0,pc,4.154641856207046
TR04_SRC321_HRC83,1,pc,3.695093762847465
TR04_SRC321_HRC83,2,pc,4.005859516452213
TR04_SRC321_HRC83,3,pc,3.945402136726712
TR04_SRC320_HRC89,0,mobile,3.217044044712211
TR04_SRC320_HRC89,1,mobile,3.1771046275302726
TR04_SRC320_HRC89,2,mobile,3.221388582549711
TR04_SRC320_HRC89,3,mobile,3.217044044712211
TR04_SRC320_HRC89,0,pc,3.217044044712211
TR04_SRC320_HRC89,1,pc,3.1771046275302726
TR04_SRC320_HRC89,2,pc,3.221388582549711
TR04_SRC320_HRC89,3,pc,3.217044044712211
TR04_SRC323_HRC93,0,mobile,3.35916380631548
TR04_SRC323_HRC93,1,mobile,2.9060452531915844
TR04_SRC323_HRC93,2,mobile,2.9762252999307988
TR04_SRC323_HRC93,3,mobile,2.728384890310241
TR04_SRC323_HRC93,0,pc,3.35916380631548
TR04_SRC323_HRC93,1,pc,2.9060452531915844
TR04_SRC323_HRC93,2,pc,2.9762252999307988
TR04_SRC323_HRC93,3,pc,2.728384890310241
TR04_SRC400_HRC83,0,mobile,3.976873427078805
TR04_SRC400_HRC83,1,mobile,4.063082031457343
TR04_SRC400_HRC83,2,mobile,3.5559600550159782
TR04_SRC400_HRC83,3,mobile,3.6386880777131525
TR04_SRC400_HRC83,0,pc,3.976873427078805
TR04_SRC400_HRC83,1,pc,4.063082031457343
TR04_SRC400_HRC83,2,pc,3.5559600550159782
TR04_SRC400_HRC83,3,pc,3.6386880777131525
TR04_SRC408_HRC82,0,mobile,1.8031147563556165
TR04_SRC408_HRC82,1,mobile,1.6699785546342354
TR04_SRC408_HRC82,2,mobile,1.681516932939157
TR04_SRC408_HRC82,3,mobile,1.5880771764940416
TR04_SRC408_HRC82,0,pc,1.8031147563556165
TR04_SRC408_HRC82,1,pc,1.6699785546342354
TR04_SRC408_HRC82,2,pc,1.681516932939157
TR04_SRC408_HRC82,3,pc,1.5880771764940416
TR04_SRC325_HRC88,0,mobile,3.9201990277882643
TR04_SRC325_HRC88,1,mobile,3.792103417620752
TR04_SRC325_HRC88,2,mobile,3.9154774966938857
TR04_SRC325_HRC88,3,mobile,3.905608583528179
TR04_SRC325_HRC88,0,pc,3.9201990277882643
TR04_SRC325_HRC88,1,pc,3.792103417620752
TR04_SRC325_HRC88,2,pc,3.9154774966938857
TR04_SRC325_HRC88,3,pc,3.905608583528179
TR04_SRC409_HRC85,0,mobile,3.9508462961947877
TR04_SRC409_HRC85,1,mobile,3.5079094165320286
TR04_SRC409_HRC85,2,mobile,3.2361638820107075
TR04_SRC409_HRC85,3,mobile,3.126235738975696
TR04_SRC409_HRC85,0,pc,3.9508462961947877
TR04_SRC409_HRC85,1,pc,3.5079094165320286
TR04_SRC409_HRC85,2,pc,3.2361638820107075
TR04_SRC409_HRC85,3,pc,3.126235738975696
TR04_SRC405_HRC91,0,mobile,3.1783308793084495
TR04_SRC405_HRC91,1,mobile,2.9929199182386714
TR04_SRC405_HRC91,2,mobile,2.974158594266136
TR04_SRC405_HRC91,3,mobile,2.9062012504820656
TR04_SRC405_HRC91,0,pc,3.1783308793084495
TR04_SRC405_HRC91,1,pc,2.9929199182386714
TR04_SRC405_HRC91,2,pc,2.974158594266136
TR04_SRC405_HRC91,3,pc,2.9062012504820656
TR04_SRC412_HRC87,0,mobile,4.135575448601193
TR04_SRC412_HRC87,1,mobile,3.750676277004686
TR04_SRC412_HRC87,2,mobile,3.563869788593037
TR04_SRC412_HRC87,3,mobile,3.336684192561752
TR04_SRC412_HRC87,0,pc,4.135575448601193
TR04_SRC412_HRC87,1,pc,3.750676277004686
TR04_SRC412_HRC87,2,pc,3.563869788593037
TR04_SRC412_HRC87,3,pc,3.336684192561752
TR04_SRC417_HRC93,0,mobile,3.13487803918179
TR04_SRC417_HRC93,1,mobile,3.100904866969706
TR04_SRC417_HRC93,2,mobile,3.0762945013543095
TR04_SRC417_HRC93,3,mobile,2.7979949558024995
TR04_SRC417_HRC93,0,pc,3.13487803918179
TR04_SRC417_HRC93,1,pc,3.100904866969706
TR04_SRC417_HRC93,2,pc,3.0762945013543095
TR04_SRC417_HRC93,3,pc,2.7979949558024995
TR04_SRC414_HRC92,0,mobile,3.126955149324411
TR04_SRC414_HRC92,1,mobile,2.9161501179970895
TR04_SRC414_HRC92,2,mobile,2.882085809961572
TR04_SRC414_HRC92,3,mobile,2.7359428328297235
TR04_SRC414_HRC92,0,pc,3.126955149324411
TR04_SRC414_HRC92,1,pc,2.9161501179970895
TR04_SRC414_HRC92,2,pc,2.882085809961572
TR04_SRC414_HRC92,3,pc,2.7359428328297235
TR04_SRC416_HRC90,0,mobile,3.8717356049016045
TR04_SRC416_HRC90,1,mobile,3.5193331833750543
TR04_SRC416_HRC90,2,mobile,3.6167650736675494
TR04_SRC416_HRC90,3,mobile,3.414190751963954
TR04_SRC416_HRC90,0,pc,3.8717356049016045
TR04_SRC416_HRC90,1,pc,3.5193331833750543
TR04_SRC416_HRC90,2,pc,3.6167650736675494
TR04_SRC416_HRC90,3,pc,3.414190751963954
TR04_SRC419_HRC94,0,mobile,2.680668263463098
TR04_SRC419_HRC94,1,mobile,2.5779568683016314
TR04_SRC419_HRC94,2,mobile,2.5408662603940586
TR04_SRC419_HRC94,3,mobile,2.251827264686904
TR04_SRC419_HRC94,0,pc,2.680668263463098
TR04_SRC419_HRC94,1,pc,2.5779568683016314
TR04_SRC419_HRC94,2,pc,2.5408662603940586
TR04_SRC419_HRC94,3,pc,2.251827264686904
TR06_SRC01_HRC01,0,mobile,4.962190015674999
TR06_SRC01_HRC01,1,mobile,4.903344179958059
TR06_SRC01_HRC01,2,mobile,4.966864207187498
TR06_SRC01_HRC01,3,mobile,4.981136373437499
TR06_SRC01_HRC01,0,pc,4.962190015674999
TR06_SRC01_HRC01,1,pc,4.903344179958059
TR06_SRC01_HRC01,2,pc,4.966864207187498
TR06_SRC01_HRC01,3,pc,4.981136373437499
TR06_SRC02_HRC01,0,mobile,4.961881219374998
TR06_SRC02_HRC01,1,mobile,4.71818050538005
TR06_SRC02_HRC01,2,mobile,4.936544988899999
TR06_SRC02_HRC01,3,mobile,4.938006052074998
TR06_SRC02_HRC01,0,pc,4.961881219374998
TR06_SRC02_HRC01,1,pc,4.71818050538005
TR06_SRC02_HRC01,2,pc,4.936544988899999
TR06_SRC02_HRC01,3,pc,4.938006052074998
TR06_SRC03_HRC02,0,mobile,1.6113269087511677
TR06_SRC03_HRC02,1,mobile,1.5384295162404988
TR06_SRC03_HRC02,2,mobile,1.5611111736461418
TR06_SRC03_HRC02,3,mobile,1.5409018717423362
TR06_SRC03_HRC02,0,pc,1.6113269087511677
TR06_SRC03_HRC02,1,pc,1.5384295162404988
TR06_SRC03_HRC02,2,pc,1.5611111736461418
TR06_SRC03_HRC02,3,pc,1.5409018717423362
TR06_SRC04_HRC02,0,mobile,1.613774701298534
TR06_SRC04_HRC02,1,mobile,1.562414537706113
TR06_SRC04_HRC02,2,mobile,1.571709941876216
TR06_SRC04_HRC02,3,mobile,1.5495395988967582
TR06_SRC04_HRC02,0,pc,1.613774701298534
TR06_SRC04_HRC02,1,pc,1.562414537706113
TR06_SRC04_HRC02,2,pc,1.571709941876216
TR06_SRC04_HRC02,3,pc,1.5495395988967582
TR06_SRC05_HRC03,0,mobile,1.6042498845697275
TR06_SRC05_HRC03,1,mobile,1.5255030183559435
TR06_SRC05_HRC03,2,mobile,1.5255030183559435
TR06_SRC05_HRC03,3,mobile,1.5255030183559435
TR06_SRC05_HRC03,0,pc,1.6042498845697275
TR06_SRC05_HRC03,1,pc,1.5255030183559435
TR06_SRC05_HRC03,2,pc,1.5255030183559435
TR06_SRC05_HRC03,3,pc,1.5255030183559435
TR06_SRC06_HRC03,0,mobile,1.6039278003446262
TR06_SRC06_HRC03,1,mobile,1.5263908915283007
TR06_SRC06_HRC03,2,mobile,1.5263908915283007
TR06_SRC06_HRC03,3,mobile,1.5255030183559435
TR06_SRC06_HRC03,0,pc,1.6039278003446262
TR06_SRC06_HRC03,1,pc,1.5263908915283007
TR06_SRC06_HRC03,2,pc,1.5263908915283007
TR06_SRC06_HRC03,3,pc,1.5255030183559435
TR06_SRC07_HRC04,0,mobile,2.0041931700099536
TR06_SRC07_HRC04,1,mobile,1.919736196378598
TR06_SRC07_HRC04,2,mobile,1.9941162244974868
TR06_SRC07_HRC04,3,mobile,1.994116715441384
TR06_SRC07_HRC04,0,pc,2.0041931700099536
TR06_SRC07_HRC04,1,pc,1.919736196378598
TR06_SRC07_HRC04,2,pc,1.9941162244974868
TR06_SRC07_HRC04,3,pc,1.994116715441384
TR06_SRC08_HRC04,0,mobile,2.0041931700099536
TR06_SRC08_HRC04,1,mobile,1.950552501232353
TR06_SRC08_HRC04,2,mobile,1.9917854531295984
TR06_SRC08_HRC04,3,mobile,1.994227565934954
TR06_SRC08_HRC04,0,pc,2.0041931700099536
TR06_SRC08_HRC04,1,pc,1.950552501232353
TR06_SRC08_HRC04,2,pc,1.9917854531295984
TR06_SRC08_HRC04,3,pc,1.994227565934954
TR06_SRC09_HRC14,0,mobile,1.8185960882826537
TR06_SRC09_HRC14,1,mobile,1.776403952156704
TR06_SRC09_HRC14,2,mobile,1.7188986106800404
TR06_SRC09_HRC14,3,mobile,1.6926696313535463
TR06_SRC09_HRC14,0,pc,1.8185960882826537
TR06_SRC09_HRC14,1,pc,1.776403952156704
TR06_SRC09_HRC14,2,pc,1.7188986106800404
TR06_SRC09_HRC14,3,pc,1.6926696313535463
TR06_SRC10_HRC16,0,mobile,2.381211467548612
TR06_SRC10_HRC16,1,mobile,2.2169175856170154
TR06_SRC10_HRC16,2,mobile,2.1801726927742413
TR06_SRC10_HRC16,3,mobile,2.1079860990998425
TR06_SRC10_HRC16,0,pc,2.381211467548612
TR06_SRC10_HRC16,1,pc,2.2169175856170154
TR06_SRC10_HRC16,2,pc,2.1801726927742413
TR06_SRC10_HRC16,3,pc,2.1079860990998425
TR06_SRC13_HRC13,0,mobile,3.407225079791139
TR06_SRC13_HRC13,1,mobile,3.133821103663511
TR06_SRC13_HRC13,2,mobile,3.1481129181702663
TR06_SRC13_HRC13,3,mobile,3.0702707598557155
TR06_SRC13_HRC13,0,pc,3.407225079791139
TR06_SRC13_HRC13,1,pc,3.133821103663511
TR06_SRC13_HRC13,2,pc,3.1481129181702663
TR06_SRC13_HRC13,3,pc,3.0702707598557155
TR06_SRC11_HRC12,0,mobile,4.104208838306851
TR06_SRC11_HRC12,1,mobile,4.054759579825706
TR06_SRC11_HRC12,2,mobile,3.769703588809798
TR06_SRC11_HRC12,3,mobile,3.5995607736531223
TR06_SRC11_HRC12,0,pc,4.104208838306851
TR06_SRC11_HRC12,1,pc,4.054759579825706
TR06_SRC11_HRC12,2,pc,3.769703588809798
TR06_SRC11_HRC12,3,pc,3.5995607736531223
TR06_SRC14_HRC17,0,mobile,3.040654242452711
TR06_SRC14_HRC17,1,mobile,2.8617480503020265
TR06_SRC14_HRC17,2,mobile,3.0874992608775136
TR06_SRC14_HRC17,3,mobile,3.0066264541961125
TR06_SRC14_HRC17,0,pc,3.040654242452711
TR06_SRC14_HRC17,1,pc,2.8617480503020265
TR06_SRC14_HRC17,2,pc,3.0874992608775136
TR06_SRC14_HRC17,3,pc,3.0066264541961125
TR06_SRC15_HRC12,0,mobile,4.070929935727361
TR06_SRC15_HRC12,1,mobile,3.7164370871543615
TR06_SRC15_HRC12,2,mobile,3.866324169935211
TR06_SRC15_HRC12,3,mobile,3.901234654123945
TR06_SRC15_HRC12,0,pc,4.070929935727361
TR06_SRC15_HRC12,1,pc,3.7164370871543615
TR06_SRC15_HRC12,2,pc,3.866324169935211
TR06_SRC15_HRC12,3,pc,3.901234654123945
TR06_SRC17_HRC13,0,mobile,3.4211140062806
TR06_SRC17_HRC13,1,mobile,3.067791708136613
TR06_SRC17_HRC13,2,mobile,3.1780900477067227
TR06_SRC17_HRC13,3,mobile,3.126871385474505
TR06_SRC17_HRC13,0,pc,3.4211140062806
TR06_SRC17_HRC13,1,pc,3.067791708136613
TR06_SRC17_HRC13,2,pc,3.1780900477067227
TR06_SRC17_HRC13,3,pc,3.126871385474505
TR06_SRC16_HRC17,0,mobile,3.0845455282312964
TR06_SRC16_HRC17,1,mobile,2.784807116221939
TR06_SRC16_HRC17,2,mobile,2.963824560031483
TR06_SRC16_HRC17,3,mobile,2.9907313128122457
TR06_SRC16_HRC17,0,pc,3.0845455282312964
TR06_SRC16_HRC17,1,pc,2.784807116221939
TR06_SRC16_HRC17,2,pc,2.963824560031483
TR06_SRC16_HRC17,3,pc,2.9907313128122457
TR06_SRC18_HRC15,0,mobile,1.4971786260176425
TR06_SRC18_HRC15,1,mobile,1.4889816442300776
TR06_SRC18_HRC15,2,mobile,1.4898380732150724
TR06_SRC18_HRC15,3,mobile,1.4554457084535728
TR06_SRC18_HRC15,0,pc,1.4971786260176425
TR06_SRC18_HRC15,1,pc,1.4889816442300776
TR06_SRC18_HRC15,2,pc,1.4898380732150724
TR06_SRC18_HRC15,3,pc,1.4554457084535728
TR06_SRC19_HRC18,0,mobile,2.7510348526128787
TR06_SRC19_HRC18,1,mobile,2.6856281589082034
TR06_SRC19_HRC18,2,mobile,2.581916634206133
TR06_SRC19_HRC18,3,mobile,2.4523848094424214
TR06_SRC19_HRC18,0,pc,2.7510348526128787
TR06_SRC19_HRC18,1,pc,2.6856281589082034
TR06_SRC19_HRC18,2,pc,2.581916634206133
TR06_SRC19_HRC18,3,pc,2.4523848094424214
TR06_SRC20_HRC18,0,mobile,2.7117163455801103
TR06_SRC20_HRC18,1,mobile,2.6334647131990723
TR06_SRC20_HRC18,2,mobile,2.6487812088217826
TR06_SRC20_HRC18,3,mobile,2.4803154703786543
TR06_SRC20_HRC18,0,pc,2.7117163455801103
TR06_SRC20_HRC18,1,pc,2.6334647131990723
TR06_SRC20_HRC18,2,pc,2.6487812088217826
TR06_SRC20_HRC18,3,pc,2.4803154703786543
TR06_SRC21_HRC15,0,mobile,1.5038961232099322
TR06_SRC21_HRC15,1,mobile,1.431373492863134
TR06_SRC21_HRC15,2,mobile,1.43073388562485
TR06_SRC21_HRC15,3,mobile,1.3926486933041788
TR06_SRC21_HRC15,0,pc,1.5038961232099322
TR06_SRC21_HRC15,1,pc,1.431373492863134
TR06_SRC21_HRC15,2,pc,1.43073388562485
TR06_SRC21_HRC15,3,pc,1.3926486933041788
TR06_SRC32_HRC16,0,mobile,2.3685957714460257
TR06_SRC32_HRC16,1,mobile,2.337914692016017
TR06_SRC32_HRC16,2,mobile,2.325660256387835
TR06_SRC32_HRC16,3,mobile,2.1641716417702748
TR06_SRC32_HRC16,0,pc,2.3685957714460257
TR06_SRC32_HRC16,1,pc,2.337914692016017
TR06_SRC32_HRC16,2,pc,2.325660256387835
TR06_SRC32_HRC16,3,pc,2.1641716417702748
TR06_SRC31_HRC14,0,mobile,1.8012002179676365
TR06_SRC31_HRC14,1,mobile,1.8068936567447302
TR06_SRC31_HRC14,2,mobile,1.8085447446834504
TR06_SRC31_HRC14,3,mobile,1.7086963489523084
TR06_SRC31_HRC14,0,pc,1.8012002179676365
TR06_SRC31_HRC14,1,pc,1.8068936567447302
TR06_SRC31_HRC14,2,pc,1.8085447446834504
TR06_SRC31_HRC14,3,pc,1.7086963489523084
VL04_SRC001_HRC01,0,mobile,4.9522177313124995
VL04_SRC001_HRC01,1,mobile,4.875806778517955
VL04_SRC001_HRC01,2,mobile,4.9779888512124995
VL04_SRC001_HRC01,3,mobile,4.9779888512124995
VL04_SRC001_HRC01,0,pc,4.9522177313124995
VL04_SRC001_HRC01,1,pc,4.875806778517955
VL04_SRC001_HRC01,2,pc,4.9779888512124995
VL04_SRC001_HRC01,3,pc,4.9779888512124995
VL04_SRC002_HRC01,0,mobile,4.9522177313124995
VL04_SRC002_HRC01,1,mobile,4.650765309285168
VL04_SRC002_HRC01,2,mobile,4.8927134898375
VL04_SRC002_HRC01,3,mobile,4.8982317369874995
VL04_SRC002_HRC01,0,pc,4.9522177313124995
VL04_SRC002_HRC01,1,pc,4.650765309285168
VL04_SRC002_HRC01,2,pc,4.8927134898375
VL04_SRC002_HRC01,3,pc,4.8982317369874995
VL04_SRC003_HRC02,0,mobile,1.369471303820298
VL04_SRC003_HRC02,1,mobile,1.318047507921528
VL04_SRC003_HRC02,2,mobile,1.3372067717189884
VL04_SRC003_HRC02,3,mobile,1.317507945734534
VL04_SRC003_HRC02,0,pc,1.369471303820298
VL04_SRC003_HRC02,1,pc,1.318047507921528
VL04_SRC003_HRC02,2,pc,1.3372067717189884
VL04_SRC003_HRC02,3,pc,1.317507945734534
VL04_SRC104_HRC274,0,mobile,3.858962948428538
VL04_SRC104_HRC274,1,mobile,3.6699642640789603
VL04_SRC104_HRC274,2,mobile,3.4808825630039717
VL04_SRC104_HRC274,3,mobile,3.2175076284936273
VL04_SRC104_HRC274,0,pc,3.858962948428538
VL04_SRC104_HRC274,1,pc,3.6699642640789603
VL04_SRC104_HRC274,2,pc,3.4808825630039717
VL04_SRC104_HRC274,3,pc,3.2175076284936273
VL04_SRC004_HRC02,0,mobile,1.3523815315931391
VL04_SRC004_HRC02,1,mobile,1.3085992946664113
VL04_SRC004_HRC02,2,mobile,1.3065855598901215
VL04_SRC004_HRC02,3,mobile,1.3017826052101136
VL04_SRC004_HRC02,0,pc,1.3523815315931391
VL04_SRC004_HRC02,1,pc,1.3085992946664113
VL04_SRC004_HRC02,2,pc,1.3065855598901215
VL04_SRC004_HRC02,3,pc,1.3017826052101136
VL04_SRC103_HRC251,0,mobile,3.761837811019144
VL04_SRC103_HRC251,1,mobile,3.8083165511114445
VL04_SRC103_HRC251,2,mobile,3.8170008442099577
VL04_SRC103_HRC251,3,mobile,3.6713376701486222
VL04_SRC103_HRC251,0,pc,3.761837811019144
VL04_SRC103_HRC251,1,pc,3.8083165511114445
VL04_SRC103_HRC251,2,pc,3.8170008442099577
VL04_SRC103_HRC251,3,pc,3.6713376701486222
VL04_SRC105_HRC259,0,mobile,2.277085164387778
VL04_SRC105_HRC259,1,mobile,2.2169534161420943
VL04_SRC105_HRC259,2,mobile,2.2167940536466872
VL04_SRC105_HRC259,3,mobile,2.1346393912590775
VL04_SRC105_HRC259,0,pc,2.277085164387778
VL04_SRC105_HRC259,1,pc,2.2169534161420943
VL04_SRC105_HRC259,2,pc,2.2167940536466872
VL04_SRC105_HRC259,3,pc,2.1346393912590775
VL04_SRC106_HRC252,0,mobile,3.1603212098713382
VL04_SRC106_HRC252,1,mobile,3.265562725414294
VL04_SRC106_HRC252,2,mobile,3.2682767110265774
VL04_SRC106_HRC252,3,mobile,3.386332664980216
VL04_SRC106_HRC252,0,pc,3.1603212098713382
VL04_SRC106_HRC252,1,pc,3.265562725414294
VL04_SRC106_HRC252,2,pc,3.2682767110265774
VL04_SRC106_HRC252,3,pc,3.386332664980216
VL04_SRC107_HRC257,0,mobile,3.777788336044103
VL04_SRC107_HRC257,1,mobile,3.3500247675248525
VL04_SRC107_HRC257,2,mobile,2.3230021320970007
VL04_SRC107_HRC257,3,mobile,2.0733609913042716
VL04_SRC107_HRC257,0,pc,3.777788336044103
VL04_SRC107_HRC257,1,pc,3.3500247675248525
VL04_SRC107_HRC257,2,pc,2.3230021320970007
VL04_SRC107_HRC257,3,pc,2.0733609913042716
VL04_SRC115_HRC267,0,mobile,2.460082351958504
VL04_SRC115_HRC267,1,mobile,2.169633919981319
VL04_SRC115_HRC267,2,mobile,2.137589469655773
VL04_SRC115_HRC267,3,mobile,1.836692327152536
VL04_SRC115_HRC267,0,pc,2.460082351958504
VL04_SRC115_HRC267,1,pc,2.169633919981319
VL04_SRC115_HRC267,2,pc,2.137589469655773
VL04_SRC115_HRC267,3,pc,1.836692327152536
VL04_SRC116_HRC270,0,mobile,2.145953732757392
VL04_SRC116_HRC270,1,mobile,2.266817519935409
VL04_SRC116_HRC270,2,mobile,2.266817519935409
VL04_SRC116_HRC270,3,mobile,2.0578135457720945
VL04_SRC116_HRC270,0,pc,2.145953732757392
VL04_SRC116_HRC270,1,pc,2.266817519935409
VL04_SRC116_HRC270,2,pc,2.266817519935409
VL04_SRC116_HRC270,3,pc,2.0578135457720945
VL04_SRC127_HRC273,0,mobile,1.6929831637809922
VL04_SRC127_HRC273,1,mobile,1.6735448047275359
VL04_SRC127_HRC273,2,mobile,1.6735448047275359
VL04_SRC127_HRC273,3,mobile,1.6430782404611857
VL04_SRC127_HRC273,0,pc,1.6929831637809922
VL04_SRC127_HRC273,1,pc,1.6735448047275359
VL04_SRC127_HRC273,2,pc,1.6735448047275359
VL04_SRC127_HRC273,3,pc,1.6430782404611857
VL04_SRC123_HRC271,0,mobile,2.5477146580714964
VL04_SRC123_HRC271,1,mobile,2.242423642632601
VL04_SRC123_HRC271,2,mobile,1.755259414261389
VL04_SRC123_HRC271,3,mobile,1.61899733165845
VL04_SRC123_HRC271,0,pc,2.5477146580714964
VL04_SRC123_HRC271,1,pc,2.242423642632601
VL04_SRC123_HRC271,2,pc,1.755259414261389
VL04_SRC123_HRC271,3,pc,1.61899733165845
VL04_SRC151_HRC258,0,mobile,2.8106229639006806
VL04_SRC151_HRC258,1,mobile,2.7207397532002116
VL04_SRC151_HRC258,2,mobile,2.7134682790455367
VL04_SRC151_HRC258,3,mobile,2.7070236521737474
VL04_SRC151_HRC258,0,pc,2.8106229639006806
VL04_SRC151_HRC258,1,pc,2.7207397532002116
VL04_SRC151_HRC258,2,pc,2.7134682790455367
VL04_SRC151_HRC258,3,pc,2.7070236521737474
VL04_SRC150_HRC269,0,mobile,2.5036865870905753
VL04_SRC150_HRC269,1,mobile,2.3268210118121075
VL04_SRC150_HRC269,2,mobile,2.32150144407957
VL04_SRC150_HRC269,3,mobile,2.3001818659015916
VL04_SRC150_HRC269,0,pc,2.5036865870905753
VL04_SRC150_HRC269,1,pc,2.3268210118121075
VL04_SRC150_HRC269,2,pc,2.32150144407957
VL04_SRC150_HRC269,3,pc,2.3001818659015916
VL04_SRC152_HRC271,0,mobile,2.4933142889401068
VL04_SRC152_HRC271,1,mobile,2.203018820236035
VL04_SRC152_HRC271,2,mobile,2.279737688811603
VL04_SRC152_HRC271,3,mobile,2.5470585419802636
VL04_SRC152_HRC271,0,pc,2.4933142889401068
VL04_SRC152_HRC271,1,pc,2.203018820236035
VL04_SRC152_HRC271,2,pc,2.279737688811603
VL04_SRC152_HRC271,3,pc,2.5470585419802636
VL04_SRC153_HRC268,0,mobile,3.3169416117339146
VL04_SRC153_HRC268,1,mobile,2.848465651121597
VL04_SRC153_HRC268,2,mobile,3.2165148401337396
VL04_SRC153_HRC268,3,mobile,2.848973131490821
VL04_SRC153_HRC268,0,pc,3.3169416117339146
VL04_SRC153_HRC268,1,pc,2.848465651121597
VL04_SRC153_HRC268,2,pc,3.2165148401337396
VL04_SRC153_HRC268,3,pc,2.848973131490821
VL04_SRC157_HRC262,0,mobile,4.653724522908302
VL04_SRC157_HRC262,1,mobile,4.1900584798269325
VL04_SRC157_HRC262,2,mobile,3.5155517063086723
VL04_SRC157_HRC262,3,mobile,3.3709397574833195
VL04_SRC157_HRC262,0,pc,4.653724522908302
VL04_SRC157_HRC262,1,pc,4.1900584798269325
VL04_SRC157_HRC262,2,pc,3.5155517063086723
VL04_SRC157_HRC262,3,pc,3.3709397574833195
VL04_SRC154_HRC277,0,mobile,2.154612802695815
VL04_SRC154_HRC277,1,mobile,2.2066713687569175
VL04_SRC154_HRC277,2,mobile,2.212571953994666
VL04_SRC154_HRC277,3,mobile,1.9697168528685278
VL04_SRC154_HRC277,0,pc,2.154612802695815
VL04_SRC154_HRC277,1,pc,2.2066713687569175
VL04_SRC154_HRC277,2,pc,2.212571953994666
VL04_SRC154_HRC277,3,pc,1.9697168528685278
VL04_SRC156_HRC276,0,mobile,2.590096928076101
VL04_SRC156_HRC276,1,mobile,2.345111160873879
VL04_SRC156_HRC276,2,mobile,2.422332645650236
VL04_SRC156_HRC276,3,mobile,2.1987650103061305
VL04_SRC156_HRC276,0,pc,2.590096928076101
VL04_SRC156_HRC276,1,pc,2.345111160873879
VL04_SRC156_HRC276,2,pc,2.422332645650236
VL04_SRC156_HRC276,3,pc,2.1987650103061305
VL04_SRC155_HRC259,0,mobile,2.3242525026732603
VL04_SRC155_HRC259,1,mobile,2.30447922990976
VL04_SRC155_HRC259,2,mobile,2.3147869421297322
VL04_SRC155_HRC259,3,mobile,2.1895109219545783
VL04_SRC155_HRC259,0,pc,2.3242525026732603
VL04_SRC155_HRC259,1,pc,2.30447922990976
VL04_SRC155_HRC259,2,pc,2.3147869421297322
VL04_SRC155_HRC259,3,pc,2.1895109219545783
VL04_SRC202_HRC251,0,mobile,3.7640562871271572
VL04_SRC202_HRC251,1,mobile,3.404462340984309
VL04_SRC202_HRC251,2,mobile,3.6112522802172387
VL04_SRC202_HRC251,3,mobile,3.8802251205894396
VL04_SRC202_HRC251,0,pc,3.7640562871271572
VL04_SRC202_HRC251,1,pc,3.404462340984309
VL04_SRC202_HRC251,2,pc,3.6112522802172387
VL04_SRC202_HRC251,3,pc,3.8802251205894396
VL04_SRC158_HRC252,0,mobile,3.2082423777070104
VL04_SRC158_HRC252,1,mobile,3.127303239279757
VL04_SRC158_HRC252,2,mobile,3.087079845693718
VL04_SRC158_HRC252,3,mobile,2.7059725470607026
VL04_SRC158_HRC252,0,pc,3.2082423777070104
VL04_SRC158_HRC252,1,pc,3.127303239279757
VL04_SRC158_HRC252,2,pc,3.087079845693718
VL04_SRC158_HRC252,3,pc,2.7059725470607026
VL04_SRC204_HRC256,0,mobile,3.978822555835818
VL04_SRC204_HRC256,1,mobile,4.05877299419596
VL04_SRC204_HRC256,2,mobile,4.25988832052233
VL04_SRC204_HRC256,3,mobile,4.013574538475741
VL04_SRC204_HRC256,0,pc,3.978822555835818
VL04_SRC204_HRC256,1,pc,4.05877299419596
VL04_SRC204_HRC256,2,pc,4.25988832052233
VL04_SRC204_HRC256,3,pc,4.013574538475741
VL04_SRC208_HRC265,0,mobile,4.090509617347038
VL04_SRC208_HRC265,1,mobile,3.8220497777107494
VL04_SRC208_HRC265,2,mobile,3.760517667597176
VL04_SRC208_HRC265,3,mobile,3.719115240246416
VL04_SRC208_HRC265,0,pc,4.090509617347038
VL04_SRC208_HRC265,1,pc,3.8220497777107494
VL04_SRC208_HRC265,2,pc,3.760517667597176
VL04_SRC208_HRC265,3,pc,3.719115240246416
VL04_SRC209_HRC268,0,mobile,3.2897294862611157
VL04_SRC209_HRC268,1,mobile,2.8078494346584715
VL04_SRC209_HRC268,2,mobile,2.845398201491799
VL04_SRC209_HRC268,3,mobile,2.842289686151658
VL04_SRC209_HRC268,0,pc,3.2897294862611157
VL04_SRC209_HRC268,1,pc,2.8078494346584715
VL04_SRC209_HRC268,2,pc,2.845398201491799
VL04_SRC209_HRC268,3,pc,2.842289686151658
VL04_SRC214_HRC250,0,mobile,4.035046678981792
VL04_SRC214_HRC250,1,mobile,3.8202392090447685
VL04_SRC214_HRC250,2,mobile,3.813895022936551
VL04_SRC214_HRC250,3,mobile,3.75379635526148
VL04_SRC214_HRC250,0,pc,4.035046678981792
VL04_SRC214_HRC250,1,pc,3.8202392090447685
VL04_SRC214_HRC250,2,pc,3.813895022936551
VL04_SRC214_HRC250,3,pc,3.75379635526148
VL04_SRC221_HRC272,0,mobile,1.6209005298430403
VL04_SRC221_HRC272,1,mobile,1.6122774717350419
VL04_SRC221_HRC272,2,mobile,1.6541680977763284
VL04_SRC221_HRC272,3,mobile,1.6261647672148816
VL04_SRC221_HRC272,0,pc,1.6209005298430403
VL04_SRC221_HRC272,1,pc,1.6122774717350419
VL04_SRC221_HRC272,2,pc,1.6541680977763284
VL04_SRC221_HRC272,3,pc,1.6261647672148816
VL04_SRC218_HRC257,0,mobile,3.892039995375389
VL04_SRC218_HRC257,1,mobile,3.6000015055383363
VL04_SRC218_HRC257,2,mobile,3.598487116660362
VL04_SRC218_HRC257,3,mobile,3.9480986848552346
VL04_SRC218_HRC257,0,pc,3.892039995375389
VL04_SRC218_HRC257,1,pc,3.6000015055383363
VL04_SRC218_HRC257,2,pc,3.598487116660362
VL04_SRC218_HRC257,3,pc,3.9480986848552346
VL04_SRC223_HRC260,0,mobile,2.6973647314412728
VL04_SRC223_HRC260,1,mobile,2.7094546495183236
VL04_SRC223_HRC260,2,mobile,2.7038947298733245
VL04_SRC223_HRC260,3,mobile,2.6917762653218382
VL04_SRC223_HRC260,0,pc,2.6973647314412728
VL04_SRC223_HRC260,1,pc,2.7094546495183236
VL04_SRC223_HRC260,2,pc,2.7038947298733245
VL04_SRC223_HRC260,3,pc,2.6917762653218382
VL04_SRC225_HRC255,0,mobile,3.103470214528066
VL04_SRC225_HRC255,1,mobile,3.0079654720351265
VL04_SRC225_HRC255,2,mobile,3.0287357062177023
VL04_SRC225_HRC255,3,mobile,2.8337473708588896
VL04_SRC225_HRC255,0,pc,3.103470214528066
VL04_SRC225_HRC255,1,pc,3.0079654720351265
VL04_SRC225_HRC255,2,pc,3.0287357062177023
VL04_SRC225_HRC255,3,pc,2.8337473708588896
VL04_SRC250_HRC272,0,mobile,1.617844969159405
VL04_SRC250_HRC272,1,mobile,1.5083442039250519
VL04_SRC250_HRC272,2,mobile,1.4998132904980073
VL04_SRC250_HRC272,3,mobile,1.4213537289665656
VL04_SRC250_HRC272,0,pc,1.617844969159405
VL04_SRC250_HRC272,1,pc,1.5083442039250519
VL04_SRC250_HRC272,2,pc,1.4998132904980073
VL04_SRC250_HRC272,3,pc,1.4213537289665656
VL04_SRC251_HRC277,0,mobile,2.1415301627671752
VL04_SRC251_HRC277,1,mobile,1.7637598242878085
VL04_SRC251_HRC277,2,mobile,1.7637598242878085
VL04_SRC251_HRC277,3,mobile,1.8562586320395293
VL04_SRC251_HRC277,0,pc,2.1415301627671752
VL04_SRC251_HRC277,1,pc,1.7637598242878085
VL04_SRC251_HRC277,2,pc,1.7637598242878085
VL04_SRC251_HRC277,3,pc,1.8562586320395293
VL04_SRC252_HRC254,0,mobile,2.9527006682531023
VL04_SRC252_HRC254,1,mobile,2.4976419889401584
VL04_SRC252_HRC254,2,mobile,2.5113477283434174
VL04_SRC252_HRC254,3,mobile,2.53181783878075
VL04_SRC252_HRC254,0,pc,2.9527006682531023
VL04_SRC252_HRC254,1,pc,2.4976419889401584
VL04_SRC252_HRC254,2,pc,2.5113477283434174
VL04_SRC252_HRC254,3,pc,2.53181783878075
VL04_SRC253_HRC276,0,mobile,2.5796186318338
VL04_SRC253_HRC276,1,mobile,2.428134879249987
VL04_SRC253_HRC276,2,mobile,2.363260679457258
VL04_SRC253_HRC276,3,mobile,2.2665929118512045
VL04_SRC253_HRC276,0,pc,2.5796186318338
VL04_SRC253_HRC276,1,pc,2.428134879249987
VL04_SRC253_HRC276,2,pc,2.363260679457258
VL04_SRC253_HRC276,3,pc,2.2665929118512045
VL04_SRC254_HRC255,0,mobile,3.079511624596101
VL04_SRC254_HRC255,1,mobile,2.94878739189326
VL04_SRC254_HRC255,2,mobile,2.932204577547349
VL04_SRC254_HRC255,3,mobile,2.730914547001996
VL04_SRC254_HRC255,0,pc,3.079511624596101
VL04_SRC254_HRC255,1,pc,2.94878739189326
VL04_SRC254_HRC255,2,pc,2.932204577547349
VL04_SRC254_HRC255,3,pc,2.730914547001996
VL04_SRC256_HRC253,0,mobile,3.4473353627544028
VL04_SRC256_HRC253,1,mobile,2.8418455602423163
VL04_SRC256_HRC253,2,mobile,2.87987719494265
VL04_SRC256_HRC253,3,mobile,2.754934211032962
VL04_SRC256_HRC253,0,pc,3.4473353627544028
VL04_SRC256_HRC253,1,pc,2.8418455602423163
VL04_SRC256_HRC253,2,pc,2.87987719494265
VL04_SRC256_HRC253,3,pc,2.754934211032962
VL04_SRC257_HRC261,0,mobile,2.355370646509748
VL04_SRC257_HRC261,1,mobile,2.1797936429450564
VL04_SRC257_HRC261,2,mobile,2.1797936429450564
VL04_SRC257_HRC261,3,mobile,2.126551495055164
VL04_SRC257_HRC261,0,pc,2.355370646509748
VL04_SRC257_HRC261,1,pc,2.1797936429450564
VL04_SRC257_HRC261,2,pc,2.1797936429450564
VL04_SRC257_HRC261,3,pc,2.126551495055164
VL04_SRC258_HRC258,0,mobile,2.832590143929659
VL04_SRC258_HRC258,1,mobile,2.910561795625938
VL04_SRC258_HRC258,2,mobile,2.9169997741519307
VL04_SRC258_HRC258,3,mobile,2.8101174289530206
VL04_SRC258_HRC258,0,pc,2.832590143929659
VL04_SRC258_HRC258,1,pc,2.910561795625938
VL04_SRC258_HRC258,2,pc,2.9169997741519307
VL04_SRC258_HRC258,3,pc,2.8101174289530206
VL04_SRC259_HRC260,0,mobile,2.8341248762298488
VL04_SRC259_HRC260,1,mobile,2.7620394906518886
VL04_SRC259_HRC260,2,mobile,2.767253705249158
VL04_SRC259_HRC260,3,mobile,2.8100585554441175
VL04_SRC259_HRC260,0,pc,2.8341248762298488
VL04_SRC259_HRC260,1,pc,2.7620394906518886
VL04_SRC259_HRC260,2,pc,2.767253705249158
VL04_SRC259_HRC260,3,pc,2.8100585554441175
VL04_SRC262_HRC264,0,mobile,2.1045207251079194
VL04_SRC262_HRC264,1,mobile,2.057799158484505
VL04_SRC262_HRC264,2,mobile,2.0548899541202643
VL04_SRC262_HRC264,3,mobile,1.9261720221137428
VL04_SRC262_HRC264,0,pc,2.1045207251079194
VL04_SRC262_HRC264,1,pc,2.057799158484505
VL04_SRC262_HRC264,2,pc,2.0548899541202643
VL04_SRC262_HRC264,3,pc,1.9261720221137428
VL04_SRC263_HRC263,0,mobile,3.8668522277917754
VL04_SRC263_HRC263,1,mobile,3.6702689100166053
VL04_SRC263_HRC263,2,mobile,3.6034059152808986
VL04_SRC263_HRC263,3,mobile,3.2653935784036623
VL04_SRC263_HRC263,0,pc,3.8668522277917754
VL04_SRC263_HRC263,1,pc,3.6702689100166053
VL04_SRC263_HRC263,2,pc,3.6034059152808986
VL04_SRC263_HRC263,3,pc,3.2653935784036623
VL04_SRC265_HRC266,0,mobile,2.5111654863636943
VL04_SRC265_HRC266,1,mobile,2.3611097313385514
VL04_SRC265_HRC266,2,mobile,2.335429428215377
VL04_SRC265_HRC266,3,mobile,1.8333385725415605
VL04_SRC265_HRC266,0,pc,2.5111654863636943
VL04_SRC265_HRC266,1,pc,2.3611097313385514
VL04_SRC265_HRC266,2,pc,2.335429428215377
VL04_SRC265_HRC266,3,pc,1.8333385725415605
VL04_SRC264_HRC269,0,mobile,2.536769486639149
VL04_SRC264_HRC269,1,mobile,2.3143519709889357
VL04_SRC264_HRC269,2,mobile,2.3181660217599798
VL04_SRC264_HRC269,3,mobile,2.0656282549707012
VL04_SRC264_HRC269,0,pc,2.536769486639149
VL04_SRC264_HRC269,1,pc,2.3143519709889357
VL04_SRC264_HRC269,2,pc,2.3181660217599798
VL04_SRC264_HRC269,3,pc,2.0656282549707012
VL04_SRC266_HRC275,0,mobile,3.457352489915323
VL04_SRC266_HRC275,1,mobile,3.5772028898639006
VL04_SRC266_HRC275,2,mobile,3.5657858817758736
VL04_SRC266_HRC275,3,mobile,2.9290934908954247
VL04_SRC266_HRC275,0,pc,3.457352489915323
VL04_SRC266_HRC275,1,pc,3.5772028898639006
VL04_SRC266_HRC275,2,pc,3.5657858817758736
VL04_SRC266_HRC275,3,pc,2.9290934908954247
VL04_SRC267_HRC270,0,mobile,2.1902535800296805
VL04_SRC267_HRC270,1,mobile,1.9959170233279036
VL04_SRC267_HRC270,2,mobile,1.9959170233279036
VL04_SRC267_HRC270,3,mobile,1.8655082294260237
VL04_SRC267_HRC270,0,pc,2.1902535800296805
VL04_SRC267_HRC270,1,pc,1.9959170233279036
VL04_SRC267_HRC270,2,pc,1.9959170233279036
VL04_SRC267_HRC270,3,pc,1.8655082294260237
VL04_SRC271_HRC275,0,mobile,3.4039961047923297
VL04_SRC271_HRC275,1,mobile,3.396087227714517
VL04_SRC271_HRC275,2,mobile,3.295785764456242
VL04_SRC271_HRC275,3,mobile,2.718438202721655
VL04_SRC271_HRC275,0,pc,3.4039961047923297
VL04_SRC271_HRC275,1,pc,3.396087227714517
VL04_SRC271_HRC275,2,pc,3.295785764456242
VL04_SRC271_HRC275,3,pc,2.718438202721655
VL04_SRC268_HRC267,0,mobile,2.450112928583633
VL04_SRC268_HRC267,1,mobile,2.133650560029478
VL04_SRC268_HRC267,2,mobile,2.133650560029478
VL04_SRC268_HRC267,3,mobile,2.2142729771960026
VL04_SRC268_HRC267,0,pc,2.450112928583633
VL04_SRC268_HRC267,1,pc,2.133650560029478
VL04_SRC268_HRC267,2,pc,2.133650560029478
VL04_SRC268_HRC267,3,pc,2.2142729771960026
VL04_SRC269_HRC261,0,mobile,2.2825608962546013
VL04_SRC269_HRC261,1,mobile,2.1722345803606893
VL04_SRC269_HRC261,2,mobile,2.1481277228325792
VL04_SRC269_HRC261,3,mobile,2.144312151544579
VL04_SRC269_HRC261,0,pc,2.2825608962546013
VL04_SRC269_HRC261,1,pc,2.1722345803606893
VL04_SRC269_HRC261,2,pc,2.1481277228325792
VL04_SRC269_HRC261,3,pc,2.144312151544579
VL04_SRC272_HRC263,0,mobile,3.8648105842924663
VL04_SRC272_HRC263,1,mobile,3.615925394807812
VL04_SRC272_HRC263,2,mobile,3.3046141920721066
VL04_SRC272_HRC263,3,mobile,2.686607854744141
VL04_SRC272_HRC263,0,pc,3.8648105842924663
VL04_SRC272_HRC263,1,pc,3.615925394807812
VL04_SRC272_HRC263,2,pc,3.3046141920721066
VL04_SRC272_HRC263,3,pc,2.686607854744141
VL04_SRC270_HRC273,0,mobile,1.6938814124171577
VL04_SRC270_HRC273,1,mobile,1.706305441536379
VL04_SRC270_HRC273,2,mobile,1.706305441536379
VL04_SRC270_HRC273,3,mobile,1.5306180622051757
VL04_SRC270_HRC273,0,pc,1.6938814124171577
VL04_SRC270_HRC273,1,pc,1.706305441536379
VL04_SRC270_HRC273,2,pc,1.706305441536379
VL04_SRC270_HRC273,3,pc,1.5306180622051757
VL04_SRC273_HRC274,0,mobile,3.8348359775847554
VL04_SRC273_HRC274,1,mobile,3.6090616760720886
VL04_SRC273_HRC274,2,mobile,3.1018444666400518
VL04_SRC273_HRC274,3,mobile,2.653502575324982
VL04_SRC273_HRC274,0,pc,3.8348359775847554
VL04_SRC273_HRC274,1,pc,3.6090616760720886
VL04_SRC273_HRC274,2,pc,3.1018444666400518
VL04_SRC273_HRC274,3,pc,2.653502575324982
VL04_SRC274_HRC264,0,mobile,2.12540820860956
VL04_SRC274_HRC264,1,mobile,2.0457150851772377
VL04_SRC274_HRC264,2,mobile,2.0457150851772377
VL04_SRC274_HRC264,3,mobile,1.86652969994549
VL04_SRC274_HRC264,0,pc,2.12540820860956
VL04_SRC274_HRC264,1,pc,2.0457150851772377
VL04_SRC274_HRC264,2,pc,2.0457150851772377
VL04_SRC274_HRC264,3,pc,1.86652969994549
VL04_SRC276_HRC250,0,mobile,3.944220998531738
VL04_SRC276_HRC250,1,mobile,3.6117589313007388
VL04_SRC276_HRC250,2,mobile,3.1496375024882988
VL04_SRC276_HRC250,3,mobile,2.9271026401918054
VL04_SRC276_HRC250,0,pc,3.944220998531738
VL04_SRC276_HRC250,1,pc,3.6117589313007388
VL04_SRC276_HRC250,2,pc,3.1496375024882988
VL04_SRC276_HRC250,3,pc,2.9271026401918054
VL04_SRC277_HRC256,0,mobile,4.006311207569269
VL04_SRC277_HRC256,1,mobile,3.4419135956699796
VL04_SRC277_HRC256,2,mobile,3.012483414135082
VL04_SRC277_HRC256,3,mobile,2.9137987537963195
VL04_SRC277_HRC256,0,pc,4.006311207569269
VL04_SRC277_HRC256,1,pc,3.4419135956699796
VL04_SRC277_HRC256,2,pc,3.012483414135082
VL04_SRC277_HRC256,3,pc,2.9137987537963195
VL04_SRC279_HRC266,0,mobile,2.495568093835576
VL04_SRC279_HRC266,1,mobile,2.4720333624577133
VL04_SRC279_HRC266,2,mobile,2.4328695944572143
VL04_SRC279_HRC266,3,mobile,1.9949516203143594
VL04_SRC279_HRC266,0,pc,2.495568093835576
VL04_SRC279_HRC266,1,pc,2.4720333624577133
VL04_SRC279_HRC266,2,pc,2.4328695944572143
VL04_SRC279_HRC266,3,pc,1.9949516203143594
VL04_SRC282_HRC262,0,mobile,4.645351402704021
VL04_SRC282_HRC262,1,mobile,4.396342479116873
VL04_SRC282_HRC262,2,mobile,2.9155405399371106
VL04_SRC282_HRC262,3,mobile,2.953182766873606
VL04_SRC282_HRC262,0,pc,4.645351402704021
VL04_SRC282_HRC262,1,pc,4.396342479116873
VL04_SRC282_HRC262,2,pc,2.9155405399371106
VL04_SRC282_HRC262,3,pc,2.953182766873606
VL04_SRC280_HRC253,0,mobile,3.2874048655152586
VL04_SRC280_HRC253,1,mobile,2.8798578670447084
VL04_SRC280_HRC253,2,mobile,2.8905056588310423
VL04_SRC280_HRC253,3,mobile,3.363719262850856
VL04_SRC280_HRC253,0,pc,3.2874048655152586
VL04_SRC280_HRC253,1,pc,2.8798578670447084
VL04_SRC280_HRC253,2,pc,2.8905056588310423
VL04_SRC280_HRC253,3,pc,3.363719262850856
VL04_SRC285_HRC254,0,mobile,2.9581092957620716
VL04_SRC285_HRC254,1,mobile,2.56953014469005
VL04_SRC285_HRC254,2,mobile,2.9188239064138983
VL04_SRC285_HRC254,3,mobile,2.564283808584231
VL04_SRC285_HRC254,0,pc,2.9581092957620716
VL04_SRC285_HRC254,1,pc,2.56953014469005
VL04_SRC285_HRC254,2,pc,2.9188239064138983
VL04_SRC285_HRC254,3,pc,2.564283808584231
VL04_SRC283_HRC265,0,mobile,4.077306664894921
VL04_SRC283_HRC265,1,mobile,4.087841571600581
VL04_SRC283_HRC265,2,mobile,3.3273387432757757
VL04_SRC283_HRC265,3,mobile,3.1113661730144955
VL04_SRC283_HRC265,0,pc,4.077306664894921
VL04_SRC283_HRC265,1,pc,4.087841571600581
VL04_SRC283_HRC265,2,pc,3.3273387432757757
VL04_SRC283_HRC265,3,pc,3.1113661730144955
VL13_SRC001_HRC01,0,mobile,4.897600240962499
VL13_SRC001_HRC01,1,mobile,4.8763748466624985
VL13_SRC001_HRC01,2,mobile,4.868128373339519
VL13_SRC001_HRC01,3,mobile,4.860675967097003
VL13_SRC001_HRC01,0,pc,4.897600240962499
VL13_SRC001_HRC01,1,pc,4.8763748466624985
VL13_SRC001_HRC01,2,pc,4.868128373339519
VL13_SRC001_HRC01,3,pc,4.860675967097003
VL13_SRC002_HRC02,0,mobile,1.6573794291050465
VL13_SRC002_HRC02,1,mobile,1.6032163684717158
VL13_SRC002_HRC02,2,mobile,1.615261329872192
VL13_SRC002_HRC02,3,mobile,1.583741468161759
VL13_SRC002_HRC02,0,pc,1.6573794291050465
VL13_SRC002_HRC02,1,pc,1.6032163684717158
VL13_SRC002_HRC02,2,pc,1.615261329872192
VL13_SRC002_HRC02,3,pc,1.583741468161759
VL13_SRC715_HRC14,0,mobile,1.9341608727932402
VL13_SRC715_HRC14,1,mobile,1.8062490289082762
VL13_SRC715_HRC14,2,mobile,1.8076582290627463
VL13_SRC715_HRC14,3,mobile,1.5928839968381252
VL13_SRC715_HRC14,0,pc,1.9341608727932402
VL13_SRC715_HRC14,1,pc,1.8062490289082762
VL13_SRC715_HRC14,2,pc,1.8076582290627463
VL13_SRC715_HRC14,3,pc,1.5928839968381252
VL13_SRC710_HRC11,0,mobile,3.665101210571584
VL13_SRC710_HRC11,1,mobile,3.3607729893593405
VL13_SRC710_HRC11,2,mobile,3.503165190937056
VL13_SRC710_HRC11,3,mobile,3.287762034366915
VL13_SRC710_HRC11,0,pc,3.665101210571584
VL13_SRC710_HRC11,1,pc,3.3607729893593405
VL13_SRC710_HRC11,2,pc,3.503165190937056
VL13_SRC710_HRC11,3,pc,3.287762034366915
VL13_SRC718_HRC15,0,mobile,2.0313056403490037
VL13_SRC718_HRC15,1,mobile,1.9107858272514284
VL13_SRC718_HRC15,2,mobile,1.7588929105098405
VL13_SRC718_HRC15,3,mobile,1.5706847019958716
VL13_SRC718_HRC15,0,pc,2.0313056403490037
VL13_SRC718_HRC15,1,pc,1.9107858272514284
VL13_SRC718_HRC15,2,pc,1.7588929105098405
VL13_SRC718_HRC15,3,pc,1.5706847019958716
VL13_SRC750_HRC03,0,mobile,3.1949808989878097
VL13_SRC750_HRC03,1,mobile,2.7346621278595853
VL13_SRC750_HRC03,2,mobile,3.167243527629399
VL13_SRC750_HRC03,3,mobile,2.9002755868712704
VL13_SRC750_HRC03,0,pc,3.1949808989878097
VL13_SRC750_HRC03,1,pc,2.7346621278595853
VL13_SRC750_HRC03,2,pc,3.167243527629399
VL13_SRC750_HRC03,3,pc,2.9002755868712704
VL13_SRC751_HRC04,0,mobile,1.8813265547511167
VL13_SRC751_HRC04,1,mobile,1.8374157447937176
VL13_SRC751_HRC04,2,mobile,1.8709210713960776
VL13_SRC751_HRC04,3,mobile,1.9188667497824663
VL13_SRC751_HRC04,0,pc,1.8813265547511167
VL13_SRC751_HRC04,1,pc,1.8374157447937176
VL13_SRC751_HRC04,2,pc,1.8709210713960776
VL13_SRC751_HRC04,3,pc,1.9188667497824663
VL13_SRC752_HRC05,0,mobile,3.9473436844725707
VL13_SRC752_HRC05,1,mobile,3.4588868372321686
VL13_SRC752_HRC05,2,mobile,3.6120076904673204
VL13_SRC752_HRC05,3,mobile,3.685721223922043
VL13_SRC752_HRC05,0,pc,3.9473436844725707
VL13_SRC752_HRC05,1,pc,3.4588868372321686
VL13_SRC752_HRC05,2,pc,3.6120076904673204
VL13_SRC752_HRC05,3,pc,3.685721223922043
VL13_SRC753_HRC06,0,mobile,3.4235584314553558
VL13_SRC753_HRC06,1,mobile,3.036545009783363
VL13_SRC753_HRC06,2,mobile,3.366363083346855
VL13_SRC753_HRC06,3,mobile,3.3592383643144
VL13_SRC753_HRC06,0,pc,3.4235584314553558
VL13_SRC753_HRC06,1,pc,3.036545009783363
VL13_SRC753_HRC06,2,pc,3.366363083346855
VL13_SRC753_HRC06,3,pc,3.3592383643144
VL13_SRC754_HRC07,0,mobile,3.157805316990862
VL13_SRC754_HRC07,1,mobile,2.789632898775049
VL13_SRC754_HRC07,2,mobile,3.1481053672465236
VL13_SRC754_HRC07,3,mobile,2.877239330472559
VL13_SRC754_HRC07,0,pc,3.157805316990862
VL13_SRC754_HRC07,1,pc,2.789632898775049
VL13_SRC754_HRC07,2,pc,3.1481053672465236
VL13_SRC754_HRC07,3,pc,2.877239330472559
VL13_SRC755_HRC08,0,mobile,3.3141659006336748
VL13_SRC755_HRC08,1,mobile,3.324016051967967
VL13_SRC755_HRC08,2,mobile,3.3211956641288696
VL13_SRC755_HRC08,3,mobile,3.0091107569344135
VL13_SRC755_HRC08,0,pc,3.3141659006336748
VL13_SRC755_HRC08,1,pc,3.324016051967967
VL13_SRC755_HRC08,2,pc,3.3211956641288696
VL13_SRC755_HRC08,3,pc,3.0091107569344135
VL13_SRC756_HRC09,0,mobile,4.286298938857928
VL13_SRC756_HRC09,1,mobile,4.283852105762258
VL13_SRC756_HRC09,2,mobile,4.370978794731642
VL13_SRC756_HRC09,3,mobile,4.222574900877247
VL13_SRC756_HRC09,0,pc,4.286298938857928
VL13_SRC756_HRC09,1,pc,4.283852105762258
VL13_SRC756_HRC09,2,pc,4.370978794731642
VL13_SRC756_HRC09,3,pc,4.222574900877247
VL13_SRC757_HRC10,0,mobile,3.353757078565164
VL13_SRC757_HRC10,1,mobile,3.3640912722793823
VL13_SRC757_HRC10,2,mobile,3.428437109563557
VL13_SRC757_HRC10,3,mobile,3.4667600254603075
VL13_SRC757_HRC10,0,pc,3.353757078565164
VL13_SRC757_HRC10,1,pc,3.3640912722793823
VL13_SRC757_HRC10,2,pc,3.428437109563557
VL13_SRC757_HRC10,3,pc,3.4667600254603075
VL13_SRC758_HRC12,0,mobile,3.6030445453244804
VL13_SRC758_HRC12,1,mobile,3.4866297294838198
VL13_SRC758_HRC12,2,mobile,3.554945664507148
VL13_SRC758_HRC12,3,mobile,3.5393154212813327
VL13_SRC758_HRC12,0,pc,3.6030445453244804
VL13_SRC758_HRC12,1,pc,3.4866297294838198
VL13_SRC758_HRC12,2,pc,3.554945664507148
VL13_SRC758_HRC12,3,pc,3.5393154212813327
VL13_SRC759_HRC13,0,mobile,3.584489970850332
VL13_SRC759_HRC13,1,mobile,3.3852200436936233
VL13_SRC759_HRC13,2,mobile,3.164293879886329
VL13_SRC759_HRC13,3,mobile,3.0327856396190365
VL13_SRC759_HRC13,0,pc,3.584489970850332
VL13_SRC759_HRC13,1,pc,3.3852200436936233
VL13_SRC759_HRC13,2,pc,3.164293879886329
VL13_SRC759_HRC13,3,pc,3.0327856396190365
